{
  "user_height_cm": 177.8,
  "scale_factor": 2.2500130136540775,
  "floor_offset_y": 0.8216611955131968,
  "shoulder_width": 0.7429384831838535,
  "arm_length": 0.9194848150159263,
  "leg_length": 0.7225899210182476,
  "torso_length": 1.0097150784269648,
  "hip_center": [
    0.002034403383731842,
    -0.005043639335781336,
    0.0016315574757754803
  ],
  "captured_at": 1775025297.2955346
}